articles:
  - title: "Nanobox Documentation"
    path: "/"

  - title: "Why Nanobox?"
    path: "/why-nanobox/"

  - title: "Getting Started"
    path: "https://guides.nanobox.io"

  - title: "Install Nanobox"
    path: "/install/"
    articles:
      - title: "System Requirements"
        path: "/install/requirements/"
        articles:
          - title: "Using Native Docker"
            path: "/install/requirements/docker/"
          - title: "Using Docker-Machine & VirtualBox"
            path: "/install/requirements/docker-machine/"
      - title: "Updating Nanobox"
        path: "/install/update/"
      - title: "Uninstalling Nanobox"
        path: "/install/uninstall/"

  - title: "Workflow"
    path: "/workflow/"
    articles:
      - title: "Modifying Your App"
        path: "/workflow/modifying-your-app/"
      - title: "Launch an App"
        path: "/workflow/launch-app/"
      - title: "Deploy Code"
        path: "/workflow/deploy-code/"
      - title: "Continuous Integration"
        path: "/workflow/ci-cd/"

  - title: "App Configuration"
    path: /app-config/
    articles:
      - title: "Runtime & Services"
        path: "/app-config/runtime-services/"
      - title: "Environment Variables"
        path: "/app-config/environment-variables/"
      - title: "Adding Packages"
        path: "/app-config/adding-packages/"
      - title: "Application Logs"
        path: "/app-config/app-logs/"
      - title: "Network Storage"
        path: "/app-config/network-storage/"
      - title: "Writable Directories"
        path: "/app-config/writable-dirs/"
      - title: "Cron Jobs"
        path: "/app-config/cron-jobs/"
      - title: "Build & Deploy Hooks"
        path: "/app-config/build-deploy-hooks/"

  - title: "boxfile.yml"
    path: "/boxfile/"
    articles:
      - title: "run.config"
        path: "/boxfile/run-config/"
      - title: "deploy.config"
        path: "/boxfile/deploy-config/"
      - title: "web"
        path: "/boxfile/web/"
      - title: "worker"
        path: "/boxfile/worker/"
      - title: "data"
        path: "/boxfile/data/"

  - title: "Nanobox CLI"
    path: "/cli/"
    articles:
      - title: "run"
        path: "/cli/run/"
      - title: "build-runtime"
        path: "/cli/build-runtime/"
      - title: "compile-app"
        path: "/cli/compile-app/"
      - title: "remote"
        path: "/cli/remote/"
      - title: "deploy"
        path: "/cli/deploy/"
      - title: "console"
        path: "/cli/console/"
      - title: "info"
        path: "/cli/info/"
      - title: "tunnel"
        path: "/cli/tunnel/"
      - title: "evar"
        path: "/cli/evar/"
      - title: "dns"
        path: "/cli/dns/"
      - title: "log"
        path: "/cli/log/"
      - title: "configure"
        path: "/cli/configure/"
      - title: "update-images"
        path: "/cli/update-images/"
      - title: "login"
        path: "/cli/login/"
      - title: "logout"
        path: "/cli/logout/"
      - title: "start"
        path: "/cli/start/"
      - title: "stop"
        path: "/cli/stop/"
      - title: "status"
        path: "/cli/status/"
      - title: "destroy"
        path: "/cli/destroy/"
      - title: "clean"
        path: "/cli/clean/"
      - title: "implode"
        path: "/cli/implode/"
      - title: "version"
        path: "/cli/version/"


  - title: "Live App Management"
    path: "/live-app-management/"
    articles:
      - title: "Server & Component Admin"
        path: "/live-app-management/server-component-admin/"
      - title: "Component Stats"
        path: "/live-app-management/component-stats/"
      - title: "Platform Components"
        path: "/live-app-management/platform-components/"
      - title: "Remote Access"
        path: "/live-app-management/remote-access/"
        articles:
          - title: "App SSH Keys"
            path: "/live-app-management/remote-access/app-ssh-keys/"
      - title: "App Logs"
        path: "/live-app-management/app-logs/"
      - title: "Deployment Options"
        path: "/live-app-management/deployment-options/"
      - title: "Deploy History"
        path: "/live-app-management/deploy-history/"
      - title: "Deleting an App"
        path: "/live-app-management/delete-app/"

  - title: "Data Management"
    path: "/data-management/"
    articles:
      - title: "Data Components & Configuration"
        path: "/data-management/data-components-config/"
      - title: "Managing Local Data"
        path: "/data-management/managing-local-data/"
      - title: "Managing Live Data"
        path: "/data-management/managing-live-data/"
      # - title: "Backups"
      #   path: "/data-management/backups/"
      - title: "Data Migrations During Scaling & Rebuilds"
        path: "/data-management/data-migrations-scaling/"
      - title: "External Databases"
        path: "/data-management/external/"

  - title: "Scaling"
    path: "/scaling/"
    articles:
      - title: "Bunkhouse Servers"
        path: "/scaling/bunkhouse/"
      - title: "Moving Components Out of a Bunkhouse"
        path: "/scaling/moving-components/"
      - title: "Scaling Methods"
        path: "/scaling/scaling-methods/"
      - title: "How to Scale"
        path: "/scaling/how-to-scale/"
      - title: "When to Scale"
        path: "/scaling/when-to-scale/"
      # - title: "Application Redundancy"
      #   path: "/scaling/app-redundancy/"
      # - title: "Auto-Scaling"
      #   path: "/scaling/auto-scaling/"

  - title: "Domains & Networking"
    path: "/domains-networking/"
    articles:
      - title: "Protocols & Incoming Requests"
        path: "/domains-networking/protocols-incoming-requests/"
      - title: "Using Custom Domains"
        path: "/domains-networking/custom-domains/"
      - title: "SSL/TLS"
        path: "/domains-networking/ssl-tls/"
        articles:
          - title: "Adding SSL/TLS"
            path: "/domains-networking/ssl-tls/adding/"
          - title: "Managing SSL/TLS Certificates"
            path: "/domains-networking/ssl-tls/managing/"
          - title: "Identifying Certs, CAs, & Intermediate Certs"
            path: "/domains-networking/ssl-tls/identifying/"
      - title: "Routing to Web Components"
        path: "/domains-networking/routing-web-components/"
      - title: "Port Mapping"
        path: "/domains-networking/port-mapping/"
      - title: "Detecting User IPs & Protocols"
        path: "/domains-networking/user-ip-and-protocols/"

  - title: "Engines"
    path: "/engines/"
    articles:
      - title: "Creating a Custom Engine"
        path: "/engines/create/"

  - title: "Images"
    path: "/images/"
    articles:
      - title: "Creating a Custom Image"
        path: "/images/create/"

  - title: "Cloud Providers"
    path: "/providers/"
    articles:
      - title: "Hosting Accounts"
        path: "/providers/hosting-accounts/"
      - title: "Custom Integration"
        path: "/providers/create/"

  - title: "Security"
    path: "/security/"
    articles:
      - title: "SSL/TLS Encryption"
        path: "/security/ssl-tls-encryption/"    

  - title: "Teams & Access Control"
    path: "/teams/"
    articles:
      - title: "Creating a Team"
        path: "/teams/create/"
      - title: "Manage Team Members"
        path: "/teams/manage/"
      - title: "Roles & Permissions"
        path: "/teams/roles-permissions/"

  - title: "Account Management"
    path: "/account/"
    articles:
      - title: "Creating an Account"
        path: "/account/creating-an-account/"
      - title: "Editing Account Details"
        path: "/account/editing-account-details/"
      - title: "Removing an Account"
        path: "/account/removing-an-account/"
      # - title: "Managing Payment Methods"
      #   path: "/account/payment-method-management/"
      # - title: "How Billing Works"
      #   path: "/account/how-billing-works/"

  - title: "Local Config"
    path: "/local-config/"
    articles:
      - title: "Configure Nanobox"
        path: "/local-config/configure-nanobox/"
      - title: "Local Performance Tuning"
        path: /local-config/local-performance/
      - title: ".nanoignore"
        path: "/local-config/nanoignore/"
      - title: "Using File-Watchers"
        path: "/local-config/file-watchers/"

  - title: "Troubleshooting"
    path: "/trbl/"
    articles:
      - title: "Error Codes"
        path: "/trbl/error/"
        articles:
          - title: "1xxx Provider Errors"
            path: "#"
            articles:
              - title: "1000"
                path: "/trbl/error/1000/"
              - title: "1001"
                path: "/trbl/error/1001/"
              - title: "1004"
                path: "/trbl/error/1004/"
              - title: "1100"
                path: "/trbl/error/1100/"
              - title: "1101"
                path: "/trbl/error/1101/"
              - title: "1102"
                path: "/trbl/error/1102/"
              - title: "1200"
                path: "/trbl/error/1200/"
          - title: "2xxx NanoAgent Errors"
            path: "#"
            articles:
              - title: "2000"
                path: "/trbl/error/2000/"
              - title: "2001"
                path: "/trbl/error/2001/"
              - title: "2002"
                path: "/trbl/error/2002/"
              - title: "2003"
                path: "/trbl/error/2003/"
              - title: "2004"
                path: "/trbl/error/2004/"
          - title: "3xxx Platform Errors"
            path: "#"
            articles:
              - title: "3000"
                path: "/trbl/error/3000/"
              - title: "3001"
                path: "/trbl/error/3001/"
              - title: "3002"
                path: "/trbl/error/3002/"
          - title: "4xxx Hook Errors"
            path: "#"
            articles:
              - title: "4000"
                path: "/trbl/error/4000/"
              - title: "4001"
                path: "/trbl/error/4001/"
              - title: "4002"
                path: "/trbl/error/4002/"
              - title: "4100"
                path: "/trbl/error/4100/"
              - title: "4101"
                path: "/trbl/error/4101/"
              - title: "4102"
                path: "/trbl/error/4102/"
              - title: "4103"
                path: "/trbl/error/4103/"
              - title: "4104"
                path: "/trbl/error/4104/"
              - title: "4105"
                path: "/trbl/error/4105/"
              - title: "4200"
                path: "/trbl/error/4200/"
              - title: "4201"
                path: "/trbl/error/4201/"
              - title: "4202"
                path: "/trbl/error/4202/"
              - title: "4203"
                path: "/trbl/error/4203/"
              - title: "4204"
                path: "/trbl/error/4204/"
              - title: "4205"
                path: "/trbl/error/4205/"
              - title: "4206"
                path: "/trbl/error/4206/"
              - title: "4207"
                path: "/trbl/error/4207/"
              - title: "4208"
                path: "/trbl/error/4208/"
              - title: "4209"
                path: "/trbl/error/4209/"
              - title: "4210"
                path: "/trbl/error/4210/"
              - title: "4211"
                path: "/trbl/error/4211/"
              - title: "4212"
                path: "/trbl/error/4212/"
          - title: "5xxx SSL Errors"
            path: "#"
            articles:
              - title: "5000"
                path: "/trbl/error/5000/"
              - title: "5100"
                path: "/trbl/error/5100/"
              - title: "5101"
                path: "/trbl/error/5101/"
              - title: "5102"
                path: "/trbl/error/5102/"
      - title: "Broken netfs Exports File"
        path: "/trbl/broken-exports-file/"
      - title: "Symlinks in Windows"
        path: "/trbl/symlinks-in-win/"

  - title: "Contributing"
    path: "/contributing/"
